{
  "started_at_unix": 1777835551.03994,
  "gpu_name": "Tesla T4",
  "stages": [
    "stage_1",
    "stage_2"
  ],
  "restore_checkpoint_dir": null,
  "force_cpu": false,
  "finished_at_unix": 1777836517.2949069,
  "wallclock_sec": 966.2549667358398,
  "stage_summaries": [
    {
      "stage_name": "stage_1",
      "env_name": "Go2JoystickFlatTerrain",
      "backend_impl": "jax",
      "num_progress_events": 5,
      "final_metrics": {
        "eval/walltime": 160.2505578994751,
        "training/sps": 854165.2368135839,
        "training/walltime": 214.1874349117279,
        "training/entropy_loss": 0.10187442600727081,
        "training/kl_mean": 0.038922615349292755,
        "training/learning_rate": 0.00029999998514540493,
        "training/policy_dist_max_loc": 2.131298542022705,
        "training/policy_dist_max_std": 1.1061118841171265,
        "training/policy_dist_mean_loc": 0.1821480095386505,
        "training/policy_dist_mean_std": 0.12574361264705658,
        "training/policy_dist_min_loc": -1.5395822525024414,
        "training/policy_dist_min_std": 0.05960969626903534,
        "training/policy_loss": -0.0012869101483374834,
        "training/total_loss": 0.1006765216588974,
        "training/v_loss": 8.900653483578935e-05,
        "eval/episode_reward": 30.043254852294922,
        "eval/episode_reward/action_rate": -10.373191833496094,
        "eval/episode_reward/ang_vel_xy": -17.297441482543945,
        "eval/episode_reward/dof_pos_limits": 0.0,
        "eval/episode_reward/energy": -73.51712036132812,
        "eval/episode_reward/feet_air_time": 1.5418744087219238,
        "eval/episode_reward/feet_clearance": -202.1627197265625,
        "eval/episode_reward/feet_height": -12.826738357543945,
        "eval/episode_reward/feet_slip": -5.43626070022583,
        "eval/episode_reward/lin_vel_z": -3.083979606628418,
        "eval/episode_reward/orientation": -11.073983192443848,
        "eval/episode_reward/pose": 458.9041748046875,
        "eval/episode_reward/stand_still": -15.664533615112305,
        "eval/episode_reward/termination": 0.0,
        "eval/episode_reward/torques": -11.06804084777832,
        "eval/episode_reward/tracking_ang_vel": 468.8747863769531,
        "eval/episode_reward/tracking_lin_vel": 935.234619140625,
        "eval/episode_swing_peak": 10.444181442260742,
        "eval/episode_reward_std": 2.421074867248535,
        "eval/episode_reward/action_rate_std": 1.7860534191131592,
        "eval/episode_reward/ang_vel_xy_std": 3.6752066612243652,
        "eval/episode_reward/dof_pos_limits_std": 0.0,
        "eval/episode_reward/energy_std": 33.447078704833984,
        "eval/episode_reward/feet_air_time_std": 2.557323932647705,
        "eval/episode_reward/feet_clearance_std": 60.50176239013672,
        "eval/episode_reward/feet_height_std": 4.711564064025879,
        "eval/episode_reward/feet_slip_std": 2.64027738571167,
        "eval/episode_reward/lin_vel_z_std": 1.0374764204025269,
        "eval/episode_reward/orientation_std": 6.245710372924805,
        "eval/episode_reward/pose_std": 12.064657211303711,
        "eval/episode_reward/stand_still_std": 95.05585479736328,
        "eval/episode_reward/termination_std": 0.0,
        "eval/episode_reward/torques_std": 0.97657710313797,
        "eval/episode_reward/tracking_ang_vel_std": 3.7555150985717773,
        "eval/episode_reward/tracking_lin_vel_std": 24.447053909301758,
        "eval/episode_swing_peak_std": 5.698702812194824,
        "eval/avg_episode_length": 1000.0,
        "eval/std_episode_length": 0.0,
        "eval/epoch_eval_time": 3.9118523597717285,
        "eval/sps": 32721.071305326383
      },
      "latest_checkpoint": "/content/go2_course_repo/artifacts/run_baseline/stage_1/checkpoints/000013107200",
      "selected_checkpoint_source": "/content/go2_course_repo/artifacts/run_baseline/stage_1/checkpoints/000013107200",
      "selected_checkpoint_export": "/content/go2_course_repo/artifacts/run_baseline/best_checkpoint",
      "selected_checkpoint_manifest": {
        "selection_method": "best_eval_reward",
        "selected_step": 13107200,
        "selected_eval_reward": 30.043254852294922,
        "source_checkpoint_dir": "/content/go2_course_repo/artifacts/run_baseline/stage_1/checkpoints/000013107200",
        "exported_checkpoint_dir": "/content/go2_course_repo/artifacts/run_baseline/best_checkpoint",
        "exported_at_unix": 1777836079.1694767
      },
      "compile_time_sec": 159.84124608000002,
      "train_time_sec": 349.77035294000007
    },
    {
      "stage_name": "stage_2",
      "env_name": "Go2JoystickFlatTerrain",
      "backend_impl": "jax",
      "num_progress_events": 5,
      "final_metrics": {
        "eval/walltime": 165.58731937408447,
        "training/sps": 862187.9734149992,
        "training/walltime": 136.5084457397461,
        "training/entropy_loss": -0.028175877407193184,
        "training/kl_mean": 0.026114335283637047,
        "training/learning_rate": 0.0003000000142492354,
        "training/policy_dist_max_loc": 2.1192569732666016,
        "training/policy_dist_max_std": 1.7484195232391357,
        "training/policy_dist_mean_loc": 0.122351735830307,
        "training/policy_dist_mean_std": 0.5029420852661133,
        "training/policy_dist_min_loc": -1.6773040294647217,
        "training/policy_dist_min_std": 0.09048384428024292,
        "training/policy_loss": -0.013387036509811878,
        "training/total_loss": -0.041220683604478836,
        "training/v_loss": 0.00034222938120365143,
        "eval/episode_reward": 4.971393585205078,
        "eval/episode_reward/action_rate": -47.79164123535156,
        "eval/episode_reward/ang_vel_xy": -126.10282897949219,
        "eval/episode_reward/dof_pos_limits": -0.0006461082957684994,
        "eval/episode_reward/energy": -229.76043701171875,
        "eval/episode_reward/feet_air_time": -1.172890543937683,
        "eval/episode_reward/feet_clearance": -184.29129028320312,
        "eval/episode_reward/feet_height": -18.48477554321289,
        "eval/episode_reward/feet_slip": -31.258272171020508,
        "eval/episode_reward/lin_vel_z": -11.064330101013184,
        "eval/episode_reward/orientation": -69.05609130859375,
        "eval/episode_reward/pose": 186.45172119140625,
        "eval/episode_reward/stand_still": 0.0,
        "eval/episode_reward/termination": -0.734375,
        "eval/episode_reward/torques": -9.341426849365234,
        "eval/episode_reward/tracking_ang_vel": 168.2357177734375,
        "eval/episode_reward/tracking_lin_vel": 259.58917236328125,
        "eval/episode_swing_peak": 11.182794570922852,
        "eval/episode_reward_std": 6.265857696533203,
        "eval/episode_reward/action_rate_std": 31.27044105529785,
        "eval/episode_reward/ang_vel_xy_std": 84.54518127441406,
        "eval/episode_reward/dof_pos_limits_std": 0.004203409887850285,
        "eval/episode_reward/energy_std": 147.56280517578125,
        "eval/episode_reward/feet_air_time_std": 1.7139980792999268,
        "eval/episode_reward/feet_clearance_std": 122.78131866455078,
        "eval/episode_reward/feet_height_std": 14.607847213745117,
        "eval/episode_reward/feet_slip_std": 23.669923782348633,
        "eval/episode_reward/lin_vel_z_std": 5.751163482666016,
        "eval/episode_reward/orientation_std": 30.611135482788086,
        "eval/episode_reward/pose_std": 144.97500610351562,
        "eval/episode_reward/stand_still_std": 0.0,
        "eval/episode_reward/termination_std": 0.4416654407978058,
        "eval/episode_reward/torques_std": 6.181120872497559,
        "eval/episode_reward/tracking_ang_vel_std": 154.87344360351562,
        "eval/episode_reward/tracking_lin_vel_std": 271.9078063964844,
        "eval/episode_swing_peak_std": 6.116741180419922,
        "eval/avg_episode_length": 500.609375,
        "eval/std_episode_length": 380.71441650390625,
        "eval/epoch_eval_time": 3.907747507095337,
        "eval/sps": 32755.442813945654
      },