{
  "stage_name": "stage_2",
  "env_name": "Go2JoystickFlatTerrain",
  "backend_impl": "jax",
  "num_progress_events": 5,
  "final_metrics": {
    "eval/walltime": 165.58731937408447,
    "training/sps": 862187.9734149992,
    "training/walltime": 136.5084457397461,
    "training/entropy_loss": -0.028175877407193184,
    "training/kl_mean": 0.026114335283637047,
    "training/learning_rate": 0.0003000000142492354,
    "training/policy_dist_max_loc": 2.1192569732666016,
    "training/policy_dist_max_std": 1.7484195232391357,
    "training/policy_dist_mean_loc": 0.122351735830307,
    "training/policy_dist_mean_std": 0.5029420852661133,
    "training/policy_dist_min_loc": -1.6773040294647217,
    "training/policy_dist_min_std": 0.09048384428024292,
    "training/policy_loss": -0.013387036509811878,
    "training/total_loss": -0.041220683604478836,
    "training/v_loss": 0.00034222938120365143,
    "eval/episode_reward": 4.971393585205078,
    "eval/episode_reward/action_rate": -47.79164123535156,
    "eval/episode_reward/ang_vel_xy": -126.10282897949219,
    "eval/episode_reward/dof_pos_limits": -0.0006461082957684994,
    "eval/episode_reward/energy": -229.76043701171875,
    "eval/episode_reward/feet_air_time": -1.172890543937683,
    "eval/episode_reward/feet_clearance": -184.29129028320312,
    "eval/episode_reward/feet_height": -18.48477554321289,
    "eval/episode_reward/feet_slip": -31.258272171020508,
    "eval/episode_reward/lin_vel_z": -11.064330101013184,
    "eval/episode_reward/orientation": -69.05609130859375,
    "eval/episode_reward/pose": 186.45172119140625,
    "eval/episode_reward/stand_still": 0.0,
    "eval/episode_reward/termination": -0.734375,
    "eval/episode_reward/torques": -9.341426849365234,
    "eval/episode_reward/tracking_ang_vel": 168.2357177734375,
    "eval/episode_reward/tracking_lin_vel": 259.58917236328125,
    "eval/episode_swing_peak": 11.182794570922852,
    "eval/episode_reward_std": 6.265857696533203,
    "eval/episode_reward/action_rate_std": 31.27044105529785,
    "eval/episode_reward/ang_vel_xy_std": 84.54518127441406,
    "eval/episode_reward/dof_pos_limits_std": 0.004203409887850285,
    "eval/episode_reward/energy_std": 147.56280517578125,
    "eval/episode_reward/feet_air_time_std": 1.7139980792999268,
    "eval/episode_reward/feet_clearance_std": 122.78131866455078,
    "eval/episode_reward/feet_height_std": 14.607847213745117,
    "eval/episode_reward/feet_slip_std": 23.669923782348633,
    "eval/episode_reward/lin_vel_z_std": 5.751163482666016,
    "eval/episode_reward/orientation_std": 30.611135482788086,
    "eval/episode_reward/pose_std": 144.97500610351562,
    "eval/episode_reward/stand_still_std": 0.0,
    "eval/episode_reward/termination_std": 0.4416654407978058,
    "eval/episode_reward/torques_std": 6.181120872497559,
    "eval/episode_reward/tracking_ang_vel_std": 154.87344360351562,
    "eval/episode_reward/tracking_lin_vel_std": 271.9078063964844,
    "eval/episode_swing_peak_std": 6.116741180419922,
    "eval/avg_episode_length": 500.609375,
    "eval/std_episode_length": 380.71441650390625,
    "eval/epoch_eval_time": 3.907747507095337,
    "eval/sps": 32755.442813945654
  },
  "latest_checkpoint": "/content/go2_course_repo/artifacts/run_baseline/stage_2/checkpoints/000006553600",
  "selected_checkpoint_source": "/content/go2_course_repo/artifacts/run_baseline/stage_2/checkpoints/000006553600",
  "selected_checkpoint_export": "/content/go2_course_repo/artifacts/run_baseline/best_checkpoint",
  "selected_checkpoint_manifest": {
    "selection_method": "best_eval_reward",
    "selected_step": 6553600,
    "selected_eval_reward": 4.971393585205078,
    "source_checkpoint_dir": "/content/go2_course_repo/artifacts/run_baseline/stage_2/checkpoints/000006553600",
    "exported_checkpoint_dir": "/content/go2_course_repo/artifacts/run_baseline/best_checkpoint",
    "exported_at_unix": 1777836517.2838395
  },
  "compile_time_sec": 161.16748645400003,
  "train_time_sec": 274.4512631530001
}